_id,name,roleDescription,createdAt
S001,Anita Pillai,Nurse,2025-02-01T10:00:00Z
S002,Rohit Malhotra,Pharmacist,2025-02-01T10:01:00Z
S003,Deepa Chatterjee,Front Desk Receptionist,2025-02-01T10:02:00Z
S004,Sameer Chauhan,Lab Technician,2025-02-01T10:03:00Z
S005,Leena Thomas,Nurse,2025-02-01T10:04:00Z
S006,Imran Shaikh,Pharmacy Assistant,2025-02-01T10:05:00Z
S007,Meera Bhonsle,OT Assistant,2025-02-01T10:06:00Z
S008,Rakesh Yadav,Account & Billing,2025-02-01T10:07:00Z
S009,Asha Fernandes,Physician Assistant,2025-02-01T10:08:00Z
S010,Naman Deshmukh,Radiology Technician,2025-02-01T10:09:00Z
S011,Shalini D'Souza,Nurse,2025-02-01T10:10:00Z
S012,Suresh Purohit,Medical Records Manager,2025-02-01T10:11:00Z
S013,Divya Raut,Pharmacist,2025-02-01T10:12:00Z
S014,Harshita Jain,Physiotherapy Assistant,2025-02-01T10:13:00Z
S015,Amit Khurana,Ambulance Driver,2025-02-01T10:14:00Z
